User,Participation,total_score,Power Score,Positive_Vote_Ratio,Average_Polarity
Acalamari,61987,1300.0,0.8470427518867714,0.9763560500695411,0.5058170798898072
Stifle,57998,1297.0,0.8235555798645624,0.6229205175600739,0.09175541401273885
Siva1979,89307,827.0,0.8180769230769231,0.8500851788756388,0.4512054383116883
Bearian,56537,1300.0,0.8165296844556916,0.9071428571428571,0.4918774803149606
Juliancolton,41846,1277.0,0.7254326180168789,0.7878787878787878,0.3649201342281879
Malinaccier,47010,1180.0,0.7170367569411307,0.915948275862069,0.6415730275229358
SoWhy,30145,1300.0,0.6687680558977,0.7410358565737052,0.45573851590106
Bibliomaniac15,31478,1279.0,0.6681542372034612,0.9300699300699301,0.42127388535031846
Daniel,29806,1282.0,0.6599470101931303,0.4892966360856269,0.12659604519774012
Newyorkbrad,47998,1017.0,0.6598759924822003,0.9918864097363083,0.4631571428571428
PhilKnight,31661,1220.0,0.6464864967294814,0.9420289855072463,0.6368412186379928
Lankiveil,40251,1086.0,0.6430411084447767,0.7979274611398963,0.10941252955082742
GlassCobra,39101,1099.0,0.6416025712804205,0.8019559902200489,0.5722403263403263
MONGO,43164,1039.0,0.6412732799415665,0.9456928838951311,0.2718662408759124
Fastily,35533,1133.0,0.634703232963932,0.5353535353535354,0.2646402409638554
Xoloz,53741,865.0,0.6335679487466601,0.47129909365558914,0.4211957163958641
Sjakkalle,34564,1120.0,0.6242780655619659,0.9130434782608695,0.5956637469586374
Majorly,38229,1058.0,0.6209512497222169,0.8290398126463701,0.40265055679287304
Merovingian,46465,933.0,0.6189854501980228,0.9358669833729216,0.04255862445414847
Ceranthor,25441,1236.0,0.6178162549161138,0.9137931034482759,0.4482481781376518
Rogerd,35608,1068.0,0.6101231375616075,0.9260869565217391,0.3683890086206897
Kudpung,19596,1300.0,0.6097070745526616,0.621301775147929,0.5734085858585858
Jayjg,33003,1102.0,0.6086153742792715,0.8613861386138614,0.2935019801980198
Airplaneman,22463,1250.0,0.606527858409031,0.905940594059406,0.5709013100436682
HJ Mitchell,18856,1300.0,0.6055640158555976,0.7654320987654321,0.5290473404255319
NuclearWarfare,22787,1212.0,0.5937264616556042,0.7598039215686274,0.3472709821428572
OlEnglish,19494,1255.0,0.5918283119921308,0.89375,0.6141988372093024
Kusma,21288,1221.0,0.5887955068916034,0.9032258064516129,0.40049788359788363
Axl,47218,837.0,0.5862782154356069,0.7142857142857143,0.42644418604651163
EdJohnston,18661,1252.0,0.586010725440103,1.0,0.4262639053254438
Husond,28954,1102.0,0.5859461247327684,0.7237237237237237,0.39837206703910616
Stephen,23236,1182.0,0.584701828975226,0.8656716417910447,0.24485721393034823
Sceptre,23663,1163.0,0.5797847935102991,0.8983957219251337,0.2499144278606965
Phantomsteve,14156,1300.0,0.579249994401272,0.7130434782608696,0.3802123376623377
Soap,16443,1259.0,0.5762850544971567,0.8092105263157895,0.466405487804878
RegentsPark,23833,1148.0,0.5749673464957992,0.8823529411764706,0.5444117370892019
Wisdom89,40297,907.0,0.5744524960851971,0.4408817635270541,0.3020392578125
JoshuaZ,29315,1063.0,0.5729672655295794,0.8156862745098039,0.34019926739926737
Useight,24697,1130.0,0.572881570537943,0.5703971119133574,0.5530708737864077
Mazca,25503,1118.0,0.5727787606655768,0.9116279069767442,0.7815859030837004
Ktr101,34452,978.0,0.5690356234140527,0.9137380191693291,0.46878988095238094
Swarm,12232,1300.0,0.5684780417889056,0.782258064516129,0.46757596899224807
DarkFalls,22999,1142.0,0.5679903150619564,0.6543778801843319,0.07664484304932735
Ultraexactzz,23413,1123.0,0.5630004961334323,0.8877005347593583,0.7047120535714286
Antandrus,21706,1146.0,0.5622896213364939,0.9773584905660377,0.6543215094339622
SarekOfVulcan,11118,1300.0,0.5622410588314335,0.7835051546391752,0.2558178217821782
Avraham,17942,1200.0,0.5619852400303882,0.773972602739726,0.5457530120481927
Fetchcomms,23700,1103.0,0.5569150233682292,0.618421052631579,0.2577121673003802
Tiptoety,23828,1100.0,0.5564778143944158,0.4475806451612903,0.3520125954198473
Steven Walling,15478,1219.0,0.555497666622451,0.7890625,0.638821875
Prodego,17368,1186.0,0.5533869547915636,0.7267080745341615,0.3000356725146199
Jusdafax,18890,1158.0,0.5511389879911592,0.5955056179775281,0.725376404494382
MBisanz,23389,1087.0,0.5490199728160223,0.8287037037037037,0.440553711790393
Nick,17747,1165.0,0.5474319496148936,0.5174418604651163,0.1689590909090909
Black Kite,12526,1241.0,0.5474317601194855,0.7358490566037735,0.31948818181818184
Riana,21270,1101.0,0.5425408836343152,0.8416289592760181,0.4252352226720648
WJBscribe,26818,1019.0,0.5420641648678959,0.7746031746031746,0.42967012195121956
X!,13067,1213.0,0.5396914411814866,0.7916666666666666,0.503977868852459
Spencer,24404,1047.0,0.5393180663199475,0.875,0.6578403846153846
FayssalF,19576,1108.0,0.5357489461471276,0.9395161290322581,0.5042908745247149
Dank,24156,1041.0,0.5356218894759418,0.8295964125560538,0.4635532751091703
Tryptofish,20648,1091.0,0.53521232099144,0.9125,0.664219209039548
Andrevan,14201,1183.0,0.5345019371598773,0.8501529051987767,0.12500538922155688
Xaosflux,9458,1252.0,0.534485631941346,0.44537815126050423,0.28938733333333333
Toddst1,6036,1300.0,0.5337883232929479,0.6792452830188679,0.402419298245614
MuZemike,12463,1201.0,0.5316944248728228,0.6272727272727273,0.4424100840336134
Richardcavell,21526,1068.0,0.5312818503020729,0.7074235807860262,0.34505126050420165
Legoktm,5540,1300.0,0.5310113542203212,0.8421052631578947,0.45001315789473684
Alison,19964,1088.0,0.5302289449067941,0.8980582524271845,0.6136073394495413
Euryalus,5159,1300.0,0.5288782388641301,0.9074074074074074,0.7005344827586207
Bishonen,12715,1186.0,0.5273360735517814,0.7516339869281046,0.46744140127388534
Swatjester,15261,1146.0,0.5262058195762538,0.9012345679012346,0.4291502994011976
Davewild,24178,1008.0,0.5230527537989522,0.9296296296296296,0.13042372262773722
ArcAngel,15024,1141.0,0.5229558441245226,0.3177083333333333,0.20714926108374382
Malcolmxl5,4083,1300.0,0.5228540075694802,0.9666666666666667,0.6764322580645161
BusterD,4344,1290.0,0.5204691217232368,0.8787878787878788,0.6372194444444444
Connormah,7962,1234.0,0.5191868579766369,0.8472222222222222,0.3774911392405063
Addshore,5745,1263.0,0.517928324223198,1.0,0.5622409090909091
Eagles247,4479,1281.0,0.517763411537514,0.717391304347826,0.4124608695652174
Ks0stm,3030,1300.0,0.5169585470181175,0.9523809523809523,0.461896
Shadowjams,17789,1084.0,0.5165132500357457,0.5906040268456376,0.31989151515151515
SQL,10240,1193.0,0.5161715295208006,1.0,0.33586176470588236
Khoikhoi,23709,994.0,0.5150423349968734,0.9723320158102767,0.4598399209486166
PeterSymonds,14365,1130.0,0.5150355131621788,0.782258064516129,0.5943734375
GorillaWarfare,2683,1300.0,0.5150157884128725,0.6190476190476191,0.6133681818181818
Hammersoft,2670,1300.0,0.5149430049492755,0.47368421052631576,-0.030094999999999993
Risker,7646,1227.0,0.5147253522461236,0.9642857142857143,0.4899
Dweller,15505,1111.0,0.5141103707391527,0.7183098591549296,0.46933229813664595
Modernist,26868,944.0,0.5134979474201923,0.8047619047619048,0.5520734597156398
Trusilver,19465,1050.0,0.5128197950348757,0.7978142076502732,0.42863145539906106
Agathoclea,10770,1174.0,0.5118311630366812,0.8444444444444444,0.4698891304347826
Keilana,8594,1205.0,0.5115714078992022,0.868421052631579,0.6019731707317073
Coffee,8131,1200.0,0.5070561199264758,0.581081081081081,0.2115155844155844
Tawker,22695,987.0,0.5066729171439941,0.7822878228782287,0.3808982206405694
B,9453,1179.0,0.506380715224578,0.44594594594594594,0.17838518518518517
SpacemanSpiff,3672,1260.0,0.5051683149896036,0.8529411764705882,0.4072176470588235
Seraphimblade,12486,1131.0,0.504900118693033,0.8407079646017699,0.41649411764705885
RyanGerbil10,29201,887.0,0.504636702848805,0.9496644295302014,0.4204217252396166
Rschen7754,7272,1206.0,0.5045545049087924,0.575,0.18184268292682926
Mifter,5856,1224.0,0.5035497830277577,0.9230769230769231,0.8066796296296296
Titoxd,19992,1018.0,0.5034626323668494,0.8883720930232558,0.4282706666666667
Keegan,15106,1084.0,0.5014918628949041,0.8931297709923665,0.27192919708029195
Lar,24874,940.0,0.5007956223115339,0.8725490196078431,0.5497933035714285
Angusmclellan,18052,1038.0,0.5002934077992864,0.8493975903614458,0.41659710982658954
Guerillero,6768,1197.0,0.49827120755087523,0.7037037037037037,0.3446015873015873
Ironholds,19625,1008.0,0.49756174535607045,0.587378640776699,0.30354306220095695
Nihiltres,5460,1213.0,0.4971019175212622,0.9318181818181818,0.6358152173913043
Monty845,6293,1198.0,0.495996427150213,0.8627450980392157,0.4195666666666667
Slgrandson,15830,1057.0,0.49516072655984866,0.762962962962963,0.29928089887640447
Gurch,10912,1128.0,0.4949338747159722,0.828125,0.17999803921568627
Jonathunder,26387,902.0,0.4946511131132545,0.4506172839506173,0.3345127659574468
Heimstern,11084,1124.0,0.4943583943881796,0.8222222222222222,0.48597422680412367
Spartaz,14941,1066.0,0.49364499585694127,0.6695652173913044,0.2689024193548387
Radiant!,23408,940.0,0.4925878871089719,0.6061538461538462,0.13939470588235295
DragonflySixtyseven,11678,1109.0,0.49191480803253806,0.5274725274725275,0.17766990291262136
Jauerback,11459,1112.0,0.49184253276117207,0.8444444444444444,0.4819631578947368
NativeForeigner,6774,1180.0,0.4917663383802277,0.88,0.297231746031746
Tnxman307,5393,1200.0,0.49172680274733893,0.975609756097561,0.520790243902439
JIP,18533,1007.0,0.4910633190293011,0.8314176245210728,0.3371597359735974
Hersfold,5013,1200.0,0.48959928611911685,0.65,0.8459023255813954
Lectonar,5337,1195.0,0.4894901970579976,0.9215686274509803,0.3827145454545454
Fabrictramp,7664,1160.0,0.48905689858033485,0.6323529411764706,0.4682701298701299
MSGJ,3930,1212.0,0.48815124834406853,0.7941176470588235,0.39345882352941175
Kingturtle,7555,1159.0,0.48806202184709785,0.6611111111111111,0.3078461538461538
Jayron32,1334,1248.0,0.48746310438268425,0.8461538461538461,0.5206666666666666
Stwalkerster,7178,1161.0,0.4867205321720136,0.927536231884058,0.555931506849315
Xymmax,7152,1161.0,0.48657496524481947,0.9636363636363636,0.6674084745762712
Elkman,12971,1076.0,0.48646165560415444,0.7172413793103448,0.32245067567567565
Abecedare,5153,1186.0,0.48499849265016215,0.7674418604651163,0.6248044444444444
Cbrown1023,8848,1131.0,0.48453194634179114,0.9,0.547109009009009
hmwith,20805,956.0,0.4841682443594969,0.9230769230769231,0.5675321585903084
Smartse,1674,1234.0,0.48398205650753073,0.6923076923076923,0.6287428571428572
Logan,4441,1192.0,0.4833198906439226,0.35555555555555557,0.20365652173913043
SilkTork,15277,1033.0,0.48283386076221946,0.5319148936170213,0.49935205479452055
Tariqabjotu,5384,1177.0,0.48283026034946397,0.5,0.05000925925925926
Splash,11517,1087.0,0.48255187436798974,0.46794871794871795,0.32289506172839505
Frank,13963,1051.0,0.4824002091340232,0.7661290322580645,0.5214102739726028
Geni,4114,1190.0,0.4807198758288271,0.9142857142857143,0.25172285714285714
Thingg,8410,1127.0,0.4805412419529052,0.9836065573770492,0.6329360655737705
Philippe,12551,1066.0,0.4802640360110183,0.8571428571428571,0.4816058823529412
KrakatoaKatie,6149,1158.0,0.47980559493806085,0.7647058823529411,0.48166125
KTC,5359,1166.0,0.47845952291946964,0.5849056603773585,0.30549814814814813
Shirik,6129,1154.0,0.4781551588402192,0.6181818181818182,0.22232698412698412
Themfromspace,14089,1037.0,0.47772103347350253,0.7739130434782608,0.3423425
TimVickers,8453,1119.0,0.47770506417864933,0.8987341772151899,0.4410928571428571
Chaser,6891,1141.0,0.4774213895526013,0.775,0.3774261363636364
Guettarda,15302,1017.0,0.4768199828075984,0.8757396449704142,0.2844554913294798
28bytes,10367,1086.0,0.4757287218190181,0.7155963302752294,0.5487830508474576
Jclemens,14933,1019.0,0.4755232829562662,0.49572649572649574,0.31267058823529414
Keeper76,25401,865.0,0.4748999981050459,0.9221311475409836,0.6199945736434108
Floquenbeam,2895,1189.0,0.47351041104999403,0.75,0.10230800000000001
EVula,8211,1109.0,0.47250401816399623,0.675,0.2639308510638298
Starblind,15668,1000.0,0.4723306557057929,0.7626262626262627,0.468653431372549
Giants27,17340,975.0,0.47207634425458533,0.7164948453608248,0.25793627450980394
Kimchi.sg,13761,1027.0,0.4720384968535149,0.71875,0.3001111111111111
Valley2city,9500,1086.0,0.4708746246698904,0.8690476190476191,0.6105784090909091
Garion96,19577,939.0,0.4707545448750967,0.9281767955801105,0.35742252747252745
James086,15197,1002.0,0.4704628856016221,0.9364161849710982,0.48270362694300517
Thehelpfulone,6622,1125.0,0.46976148557509273,0.8627450980392157,0.5598763636363636
Kralizec!,4829,1151.0,0.469722966326666,0.6976744186046512,0.3486139534883721
Jahiegel,26553,834.0,0.4694266558022632,0.8211678832116789,0.6345568493150685
Royalbroil,12433,1039.0,0.4692187707260602,0.981651376146789,0.6809747747747747
7,6674,1122.0,0.46889877327563484,0.896551724137931,0.404327868852459
Bobrayner,7742,1103.0,0.46757052243884034,0.890625,0.6838777777777778
Mackensen,13343,1021.0,0.4673905362547783,0.5925925925925926,0.2457034965034965
Rjd0060,7819,1101.0,0.467232393723223,0.76,0.504659493670886
Jehochman,11392,1048.0,0.46685203337186404,0.8709677419354839,0.46887525773195876
Gnangarra,5627,1131.0,0.46649844355362463,0.7021276595744681,0.31683269230769234
Djsasso,4335,1149.0,0.4661879639407465,0.3695652173913043,0.31457708333333334
Hiding,10767,1053.0,0.4652759053143126,0.864406779661017,0.33353385826771653
Feezo,1581,1186.0,0.46499983634487474,1.0,0.5686176470588234
Thryduulf,6958,1106.0,0.46433496586498624,0.9101123595505618,0.4977326315789473
Filelakeshoe,3929,1150.0,0.46429949576994567,0.7058823529411765,0.1185857142857143
Sir Nicholas de Mimsy-Porpington,17191,956.0,0.46393444147951124,0.8220858895705522,0.2166091463414634
CharlotteWebb,15401,982.0,0.46391271841499154,0.5869565217391305,0.22438843537414968
KillerChihuahua,12238,1026.0,0.46312701877210416,0.6320754716981132,0.16141238938053096
VegaDark,7593,1093.0,0.46289015812530465,0.8987341772151899,0.39280365853658533
Orangemike,976,1188.0,0.46238183669285726,1.0,0.80545
Calmer Waters,4231,1140.0,0.4621441577704315,0.875,0.6632666666666667
Deskana,8843,1072.0,0.46181164500963845,0.44642857142857145,0.28651525423728813
Rje,24305,845.0,0.4610714845587083,0.8081761006289309,0.5294458715596331
Syrthiss,5640,1116.0,0.46080199624799095,0.9491525423728814,0.46873666666666663
Fuzheado,682,1188.0,0.46073581066996966,1.0,0.30354705882352945
TigerShark,12959,1008.0,0.4602406247146802,0.24786324786324787,0.04997563025210084
Ajraddatz,12194,1017.0,0.4594191362799295,0.8333333333333334,0.4104672131147541
Jenks24,3689,1140.0,0.45910964721123054,0.9375,0.6050787878787879
Wifione,10866,1033.0,0.45813787169093645,0.851063829787234,0.5966561224489796
LadyofShalott,2108,1157.0,0.45679651983069447,0.875,0.42781875
zzuuzz,2373,1153.0,0.45674172120401935,0.85,0.333575
Firsfron,8571,1061.0,0.45605802177129967,0.7916666666666666,0.5512
TomStar81,5187,1109.0,0.45557346478572375,1.0,0.724165909090909
thumperward,2707,1145.0,0.4555347732687441,0.7368421052631579,0.39742500000000003
Snowolf,8819,1055.0,0.45513881399992073,0.73,0.2611362745098039
Tavix,4807,1113.0,0.4549844096959632,0.5306122448979592,0.42709387755102035
Ruslik0,3012,1139.0,0.45493469299159844,0.9523809523809523,0.5974095238095238
"Chase me ladies, I'm the Cavalry",2536,1144.0,0.45419277540142877,0.6470588235294118,0.5283294117647059
Slp1,2103,1149.0,0.45369160311392637,0.9411764705882353,0.5417777777777778
Cindamuse,4425,1115.0,0.4536149263810339,0.5609756097560976,0.5752195121951219
Dekimasu,7989,1063.0,0.45356879286256935,0.5423728813559322,0.3424986301369863
Bencherlite,6568,1081.0,0.4525360773416895,0.9814814814814815,0.5573327586206897
Kww,1430,1154.0,0.4518467361138626,0.5555555555555556,0.4564333333333333
Dylan620,9733,1033.0,0.45179451290205325,0.74,0.48616
Atama,18710,902.0,0.4516696784951998,0.72,0.5292548913043479
Jossi,13750,974.0,0.45159229546124047,0.8582677165354331,0.3973993006993007
Athaenara,14807,957.0,0.45097168938601767,0.7819548872180451,0.5083848920863309
AuburnPilot,8264,1050.0,0.45010844305404585,0.8857142857142857,0.5141410958904109
TeaDrinker,1925,1142.0,0.4500027218431357,1.0,0.6745
Delirium,1222,1152.0,0.44991296992707874,1.0,0.5291333333333333
Secretlondon,1401,1148.0,0.44937668069506914,0.813953488372093,0.19285454545454545
Nick-D,5020,1095.0,0.4492538618302845,0.875,0.6450309523809524
Neutralhomer,5603,1086.0,0.44905638177467616,0.95,0.6821975609756097
Feydey,8066,1050.0,0.44899989491618275,0.8607594936708861,0.47512298850574713
Download,10729,1011.0,0.44890930749764424,0.7606837606837606,0.4555
Tone,10948,1007.0,0.44859696738439486,0.9292035398230089,0.5803882352941176
Bilby,1211,1146.0,0.44754369161172736,0.7,0.5471454545454546
Carrite,10984,1003.0,0.4472600600528175,0.8414634146341463,0.2794142857142857
Deckiller,11510,994.0,0.4467434525029759,0.9615384615384616,0.4973892561983471
Closedmouth,2360,1127.0,0.44666893774042227,0.8823529411764706,0.030782352941176476
Herostratus,3358,1112.0,0.44648723748425895,0.9615384615384616,0.5450148148148148
Someguy1221,6752,1062.0,0.4462585509802942,0.6923076923076923,0.24041929824561406
Dreadstar,10761,1003.0,0.4460115437157293,0.8604651162790697,0.6933116279069768
Yanksox,16418,919.0,0.4453758555287008,0.7831325301204819,0.35227127071823205
Hawkeye7,3109,1112.0,0.44509315421997664,0.9565217391304348,0.521095652173913
Haukurth,12291,976.0,0.44419298212369224,0.9823008849557522,0.49327863247863246
Brewcrewer,7468,1045.0,0.4437287786676406,0.9545454545454546,0.33496268656716416
Admrboltz,4552,1087.0,0.4435567340638668,0.5094339622641509,0.23699444444444442
Ixfd64,7835,1039.0,0.4434758195245732,1.0,0.5084285714285715
Nakon,5511,1072.0,0.4431566834169123,0.2711864406779661,0.0747625
Journalist,15692,923.0,0.44284964056166437,0.836,0.2729875
Jusjih,24788,790.0,0.4426218240138917,0.7800687285223368,0.3076320241691843
delldot,4224,1089.0,0.44248958205926386,0.9411764705882353,0.6440942307692308
CactusWriter,1718,1125.0,0.44230532361509006,0.9333333333333333,0.786075
Coren,10485,997.0,0.4421586024885915,0.7313432835820896,0.33576623376623377
Jac16888,2089,1118.0,0.44169014399928336,0.6842105263157895,0.4551578947368421
RP459,21817,830.0,0.4413726186025919,0.8177339901477833,0.36001249999999996
Scientizzle,4734,1074.0,0.43957570255422584,0.7441860465116279,0.6072041666666667
Ioeth,2199,1109.0,0.4388444656143355,0.8214285714285714,0.7214714285714285
MastCell,8534,1016.0,0.4385431765287542,0.7916666666666666,0.6176465753424658
Gamaliel,2242,1106.0,0.4379313647631565,0.4666666666666667,0.0462
AniMate,14267,930.0,0.4375637608981393,0.6545454545454545,0.2897787610619469
Protonk,16371,899.0,0.43742040762184986,0.8916666666666667,0.47873106060606063
AlexiusHoratius,6379,1044.0,0.4372471485247782,1.0,0.5662327272727273
Sjones23,2105,1106.0,0.43716433903140284,0.75,0.4207294117647059
Samir,7436,1027.0,0.43662654244955545,0.8428571428571429,0.34308611111111115
JayHenry,22021,814.0,0.4363609129544229,0.7294117647058823,0.4429988950276243
Sharkface217,27906,727.0,0.4358478885904814,0.910828025477707,0.4688649425287356
Tyrenius,11819,958.0,0.4346273055992448,0.6923076923076923,0.5539115384615385
TreasuryTag,6727,1032.0,0.43458012124260753,0.4745762711864407,0.1469
BorgQueen,1080,1113.0,0.43411795055547997,0.9230769230769231,0.5523076923076923
Redvers,8202,1009.0,0.4339920911507367,0.8169014084507042,0.28739859154929576
Zagalejo,2739,1085.0,0.4326370094868292,0.7647058823529411,0.1265647058823529
Rodhullandemu,10422,972.0,0.43219049801115955,0.8888888888888888,0.4784955752212389
OwenX,4885,1052.0,0.43195957201600715,0.589041095890411,0.3376712328767123
Cryptic,3152,1075.0,0.4311031302918746,0.6216216216216216,0.12098648648648648
ESkog,5610,1039.0,0.4310186497935361,0.7384615384615385,0.393661038961039
Woody,4534,1054.0,0.43076364926811705,0.8043478260869565,0.6153782608695653
Jafeluv,8113,1001.0,0.4304168812845722,0.8169014084507042,0.40375068493150684
DaGizza,13514,922.0,0.43027099566055516,0.753731343283582,0.3555115646258503
Killiondude,2238,1086.0,0.43021666215897286,0.75,0.50094375
ElKevbo,1614,1095.0,0.43018459436785195,0.3,0.21965
Huldra,1198,1101.0,0.430163215840438,0.625,0.4252375
Tiggerjay,3384,1069.0,0.43009434287299153,0.8571428571428571,0.57308125
DerHexer,5794,1032.0,0.42935650804752545,0.9772727272727273,0.3709510638297872
Arjun01,6243,1025.0,0.42917802921330117,0.6835443037974683,0.4784395061728395
Erik,1021,1101.0,0.429172240989924,0.7777777777777778,0.5583333333333333
John254,15347,892.0,0.4289950024892806,0.896551724137931,0.36164187192118225
Sj,8597,987.0,0.4277420502369554,0.9692307692307692,0.3633237762237762
Hoary,4558,1041.0,0.42589801873937316,0.8484848484848485,0.4080281690140845
Ghmyrtle,502,1100.0,0.4258818857893948,1.0,0.86836
Kevin,1257,1089.0,0.4258781561752247,0.6666666666666666,0.17115833333333333
Hiberniantears,20168,813.0,0.42560185464324046,0.7929292929292929,0.5058638613861386
SchmuckyTheCat,3625,1053.0,0.4252897901596757,0.7948717948717948,0.3466068181818182
Amalthea,2833,1064.0,0.42508636683899265,0.7391304347826086,0.5977391304347826
Majoreditor,26387,719.0,0.4242664977286391,0.6642335766423357,0.48279457627118644
Richwales,3365,1054.0,0.4242187362723497,0.7407407407407407,0.6389483870967743
Durova,5894,1017.0,0.4241471500751952,0.8518518518518519,0.5571017543859649
Blurpeace,2210,1068.0,0.4231368208527638,0.8888888888888888,0.26628888888888885
Tikiwont,4874,1028.0,0.4226672167775789,0.6481481481481481,0.39468983050847456
Anthony Bradbury,6331,1006.0,0.4223630249668814,0.7407407407407407,0.5104767857142857
Johnuniq,2081,1067.0,0.4220299695601467,0.6428571428571429,0.6548285714285714
Maunus,1729,1072.0,0.4219822942381337,0.9230769230769231,0.4151076923076923
MacGyverMagic,4264,1034.0,0.4215596850241779,0.84375,0.38869714285714285
Cunard,2116,1065.0,0.4214566942698311,0.6875,0.459725
Nancy,5295,1016.0,0.4204088966371456,0.8723404255319149,0.5681020833333333
Moreschi,14619,878.0,0.4195345131432292,0.6181818181818182,0.16546607142857145
Michig,2823,1049.0,0.4192611487900718,0.6666666666666666,0.5466884615384615
Gimmetrow,3402,1040.0,0.41904127382258755,0.8461538461538461,0.3504035714285714
MBK004,6024,1001.0,0.4187211385573198,0.8793103448275862,0.40230491803278684
Balloonman,23166,750.0,0.41815607186354947,0.5594059405940595,0.2938348017621146
MilborneOne,507,1078.0,0.41744834096770134,1.0,0.46365
Faithlessthewonderboy,7778,972.0,0.41738746126110915,0.8857142857142857,0.62306625
ReyBrujo,1880,1056.0,0.41667385600760737,0.7333333333333333,0.31838947368421056
Johnleemk,5652,1001.0,0.41663841175284977,0.8548387096774194,0.14180281690140845
Robofish,13386,885.0,0.4153235892497532,0.6697247706422018,0.41047105263157896
Mangojuice,5812,995.0,0.41522651592019827,0.5961538461538461,0.39856111111111114
Kbdank71,11357,914.0,0.4151176163544873,0.8235294117647058,0.30758071428571426
Ruhrfisch,4456,1014.0,0.41494233310191925,1.0,0.6330230769230769
Dwaipayanc,7378,969.0,0.41399412391966084,0.9859154929577465,0.5738760563380281
Nightstallion,9291,941.0,0.41393525975513745,0.944,0.4700424460431654
RHaworth,228,1072.0,0.41357860355665654,0.6,0.21672000000000002
Miranda,14072,870.0,0.41339508586726015,0.48502994011976047,0.14944606741573033
Brookie,11468,906.0,0.41266215208212387,0.9122807017543859,0.4864423728813559
Strikerforce,5057,999.0,0.4125379378420607,0.6190476190476191,0.35684716981132075
Samsara,4774,1002.0,0.41210734398067833,0.5957446808510638,0.3451816326530612
BuickCenturyDriver,15070,851.0,0.4116749240726353,0.9940119760479041,0.37219651162790696
Orderinchaos,12577,886.0,0.41117883370744324,0.8532110091743119,0.6185771929824561
Anetode,6304,977.0,0.41105801315787205,0.9215686274509803,0.5645075471698113
Aqwis,10607,914.0,0.4109185703777332,0.8080808080808081,0.414894
Tinucherian,13338,874.0,0.4108240810764717,0.9107142857142857,0.5752368421052632
JPG-GR,3668,1014.0,0.41053053546234297,0.21875,0.15056666666666668
Scott5114,2499,1029.0,0.40975485323580635,0.9047619047619048,0.5107409090909091
DESiegel,1788,1039.0,0.4096203114959973,0.6470588235294118,0.5317714285714286
Sarah,12023,890.0,0.40961559995107577,0.528,0.386890977443609
Begoon,7394,957.0,0.4094683189517803,0.7846153846153846,0.6837975308641975
Scorpion0422,1862,1037.0,0.409265386596473,0.7647058823529411,0.5086117647058823
FT2,884,1051.0,0.40917444602740105,1.0,0.8944333333333332
Mitchazenia,2913,1020.0,0.40861118815343617,0.7241379310344828,0.573990625
Pichpich,6114,973.0,0.4084557933052995,0.8846153846153846,0.5109096153846153
FeydHuxtable,17639,805.0,0.40836574853270263,0.9874213836477987,0.5255081761006289
Cyde,13435,866.0,0.4082902346125422,0.4473684210526316,0.18345882352941179
KnightLago,1719,1035.0,0.4076955377276744,0.6153846153846154,0.3838076923076923
Aldux,8613,933.0,0.40706239911522873,0.8192771084337349,0.5069590361445783
Viridae,11521,889.0,0.4064204231260196,0.6880733944954128,0.3955863247863248
Ww2censor,736,1045.0,0.4060381419802959,0.5714285714285714,0.5103142857142856
Hobit,15578,827.0,0.4052883086501209,0.7431192660550459,0.3814811023622047
Skomorokh,6988,952.0,0.4052721584732872,0.8333333333333334,0.40531666666666666
Fuhghettaboutit,848,1041.0,0.405126737974363,0.6153846153846154,0.47609230769230765
Edison,1573,1030.0,0.4049550465211227,0.9090909090909091,0.6280666666666667
NoSeptember,10983,892.0,0.40456215363254083,0.9896907216494846,0.5961188118811881
Coemgenus,9656,911.0,0.40444033392536294,0.8387096774193549,0.4514294736842105
Berig,1540,1029.0,0.40438567311353013,0.4166666666666667,0.09874166666666667
Jfdwolff,6499,956.0,0.40407284203490507,0.9528301886792453,0.2990663551401869
Ericorbit,3243,1003.0,0.4039203068447464,0.9565217391304348,0.5337391304347826
Scarian,11713,877.0,0.40287999428068405,0.6991150442477876,0.6384163793103449
Bsadowski1,1064,1031.0,0.40248990936951434,1.0,0.5592857142857143
Eluchil404,13149,854.0,0.40207361379802203,0.7565217391304347,0.44466484375
Vejvančický,2565,1007.0,0.40166283082022225,0.8095238095238095,0.5518809523809524
Raul654,2838,1003.0,0.4016528220172992,0.765625,0.3743859375
Alkivar,11264,880.0,0.4015200115764468,0.6778523489932886,0.34335935483870966
Jc37,6618,947.0,0.40127755220167827,0.5686274509803921,0.5636014925373134
Aervanath,951,1029.0,0.4010880223397859,1.0,0.2813875
Trödel,2630,1004.0,0.4008729019843615,0.45454545454545453,0.35043913043478264
Kablammo,4567,973.0,0.3997945611372481,0.8918918918918919,0.4715594594594595
Plutonium27,13838,837.0,0.3993926758302052,0.4336283185840708,0.3686113821138211
Bastique,6239,947.0,0.3991556343014252,0.86,0.4604862745098039
Ghirlandajo,8363,916.0,0.3991242555845158,0.6486486486486487,0.32531666666666664
KnowledgeOfSelf,8674,911.0,0.3989423830597996,0.898876404494382,0.6026408163265305
Buster7,3040,993.0,0.39893761122088445,0.5,0.4155875
Jmabel,1093,1021.0,0.39880611863446164,1.0,0.46510666666666667
Elockid,2224,1002.0,0.39783058765971446,0.9411764705882353,0.5000888888888889
America69,29674,602.0,0.39766951656275995,0.6446540880503144,0.33909604863221887
LAAFan,5289,954.0,0.39652915042317766,0.6530612244897959,0.15501754385964914
Bduke,5668,948.0,0.39634337601573844,0.9811320754716981,0.7439018867924528
Denelson83,3461,980.0,0.39629467569583576,0.7887323943661971,0.38038139534883725
Warofdreams,3523,979.0,0.3962571814452987,0.9733333333333334,0.34215066666666666
WilyD,7751,917.0,0.39608244945209986,0.5245901639344263,0.0783859375
Hu12,3107,984.0,0.39585118753326937,1.0,0.6311730769230769
Ucucha,3483,978.0,0.3956486169419231,0.9032258064516129,0.29699677419354836
SmokeyJoe,4826,958.0,0.3954754009119897,0.9705882352941176,0.3485388888888889
Zscout370,3509,977.0,0.3954095684845018,0.8055555555555556,0.39472926829268296
Jdforrester,2752,988.0,0.39540210064273396,0.9523809523809523,0.2615047619047619
Jni,5882,942.0,0.39523381149341336,0.9393939393939394,0.37002815533980576
Roux,7871,913.0,0.395215835269919,0.425,0.15539382716049382
Reyk,14514,816.0,0.3951004928603298,0.8125,0.4623801470588235
Pmanderson,5581,946.0,0.3950870559132042,0.58,0.19548148148148148
FloNight,10793,870.0,0.3950368568568913,0.7745098039215687,0.5346504761904762
henrik,4017,968.0,0.3947921838312181,0.8461538461538461,0.660051282051282
RexxS,3274,978.0,0.39447848279640096,0.96,0.724088
Horologium,4429,961.0,0.3944065520621407,0.6470588235294118,0.13743999999999998
Reywas92,872,1011.0,0.39372264590715755,0.8181818181818182,0.38015454545454547
Chuq,588,1015.0,0.3936710687024216,1.0,0.5159222222222222
Nichalp,6617,927.0,0.39357964578140153,0.8446601941747572,0.3552594339622641
TenOfAllTrades,7062,918.0,0.3926095412660705,0.8541666666666666,0.4010813725490196
Xavexgoem,3024,976.0,0.39230957003491884,0.8260869565217391,0.5086961538461539
Jkelly,6403,926.0,0.391996902611419,0.5882352941176471,0.1983220588235294
Benjiboi,6063,930.0,0.3916317966404187,0.9622641509433962,0.58395
Buggie111,4716,949.0,0.39139800237386063,0.8108108108108109,0.4615177777777778
Pointillist,1842,988.0,0.39030725819093903,0.6153846153846154,0.5946285714285714
Infrogmation,878,1002.0,0.3902946998134332,0.8846153846153846,0.22686538461538458
Jerry,1535,992.0,0.3901269102429159,0.5333333333333333,0.4274588235294118
TravisTX,3988,956.0,0.3900144361047324,0.75,0.5285425
Friday,14838,798.0,0.38999140379921066,0.38461538461538464,0.06769854014598539
Gidonb,5073,939.0,0.3895505944126418,0.96875,0.787484375
Aude,4156,952.0,0.38941656086506377,0.8235294117647058,0.6708176470588235
Kafziel,5418,933.0,0.38917446325425636,0.8301886792452831,0.40977592592592593
Kaldari,1063,992.0,0.3874843106415453,0.9090909090909091,0.34168181818181814
Jpgordon,2423,972.0,0.387406272987085,0.6956521739130435,0.16477083333333334
Kraftlos,10639,850.0,0.3864823450573568,0.3523809523809524,0.3340324324324324
EyeSerene,4440,940.0,0.3863912149928767,0.7142857142857143,0.6642204545454545
Lenticel,5999,917.0,0.38627347805040235,0.54,0.3478754716981132
Whispering,779,990.0,0.385125041129117,0.875,0.476425
Geogre,10578,846.0,0.38460236111278595,0.6031746031746031,0.2432736111111111
Alex43223,6686,901.0,0.3839659580112629,0.8309859154929577,0.5065308641975309
Ret.Prof,20169,702.0,0.3829151456789018,0.8955223880597015,0.5606004975124378
Stormie,3255,947.0,0.38244903004191294,0.8703703703703703,0.4518685185185185
BOZ,1351,972.0,0.38140443660431117,0.8571428571428571,0.68584
Alai,6434,898.0,0.3814012324092274,0.6571428571428571,0.4301594594594595
Carcharoth,4980,919.0,0.38133760501921654,0.8857142857142857,0.5868599999999999
Theleftorium,5695,906.0,0.3803406955170554,0.8627450980392157,0.6045333333333334
BarkingFish,1628,962.0,0.37910913040557187,0.5,0.33992142857142854
Gatoclass,2154,954.0,0.3789771382403456,0.7894736842105263,0.432265
Melburnian,843,973.0,0.37894489818067184,1.0,0.7312454545454545
WilliamH,2681,946.0,0.3788507448030884,0.5333333333333333,0.515725
Ynhockey,3265,937.0,0.37865886347544914,0.6818181818181818,0.3394652173913043
DoriSmith,3596,929.0,0.3774351193562669,0.5483870967741935,0.23396874999999998
Scott MacDonald,3539,929.0,0.3771159918620336,0.6,0.06247307692307692
Ragesoss,7524,870.0,0.37673461512621254,0.9833333333333333,0.6438819672131147
Rspeer,10470,825.0,0.37592077541521024,0.6293103448275862,0.3136752066115703
Leonard^Bloom,2366,941.0,0.3751640685697748,1.0,0.633791304347826
Morven,3789,920.0,0.37505413539274646,0.96,0.38562399999999997
Sgeureka,3531,923.0,0.3747635097305892,0.9090909090909091,0.5723409090909091
Staxringold,4328,911.0,0.37461031130650196,0.8297872340425532,0.593646
Danny,6200,882.0,0.37393728391063397,0.9307692307692308,0.1172827067669173
Hesperian,1554,949.0,0.37369482453586544,0.8235294117647058,0.26870588235294113
Nehrams2020,1308,952.0,0.3734713836093363,0.9285714285714286,0.8409642857142857
Leithp,2620,931.0,0.37273999162774835,0.7894736842105263,0.49343333333333333
Dtobias,2161,936.0,0.37209325241305174,0.7142857142857143,0.12545714285714285
Davidcannon,2890,925.0,0.3719439558716875,0.859375,0.20999428571428572
Smallman12q,3857,910.0,0.37158869504848496,0.8709677419354839,0.2826258064516129
Carioca,5973,879.0,0.37151252650782357,0.9295774647887324,0.6078138888888889
Taxman,7868,851.0,0.3713528852398581,0.7294117647058823,0.6094090909090909
Gigs,5244,887.0,0.37050797689534165,0.5813953488372093,0.1273469387755102
Karanacs,3891,906.0,0.3702405902609696,0.6538461538461539,0.5559142857142857
Moondyne,4072,903.0,0.37010011386951347,0.825,0.6073725000000001
RayAYang,16298,725.0,0.37008862355703553,0.8848920863309353,0.7038685314685315
Jayen466,3047,917.0,0.36974603308589826,0.7619047619047619,0.4626045454545454
DS1953,17056,713.0,0.36971707474215704,0.995475113122172,0.4740276785714285
Hurricanehink,1201,943.0,0.36941078125511423,0.46153846153846156,0.29624666666666666
RxS,1848,933.0,0.3691870044049069,0.18181818181818182,-0.07337272727272728
Sallicio,2708,917.0,0.3678480643044054,0.9130434782608695,0.6546333333333333
MaxSem,6049,868.0,0.36770726060269876,0.8035714285714286,0.2686842105263158
Quiddity,2281,922.0,0.36738048438471704,0.7619047619047619,0.5484304347826088
Quadell,4662,886.0,0.36686490183276516,0.864406779661017,0.284475
172,7623,842.0,0.36651965842591333,0.8967391304347826,0.19098138297872339
SCZenz,5506,872.0,0.36620561285399034,0.5217391304347826,0.18833265306122451
Accounting4Taste,4503,886.0,0.36597470408569327,1.0,0.7648076923076923
Rdsmith4,4278,889.0,0.3658688364465132,0.828125,0.10738153846153846
AlexandrDmitri,7848,837.0,0.3658562952958626,0.855072463768116,0.4721708333333333
Hipocrite,13066,760.0,0.3654550732227484,0.36607142857142855,0.10948492063492063
Kmweber,13330,755.0,0.36501006048348894,0.052941176470588235,-0.07406337209302326
Carnildo,6724,851.0,0.3649479404433159,0.8225806451612904,0.20639848484848483
Sunderland06,5909,862.0,0.3646157463793457,1.0,0.6389452380952381
Bigtimepeace,2117,916.0,0.36415460069010785,0.7142857142857143,0.75448125
Celestianpower,6192,856.0,0.3638924940868819,0.9692307692307692,0.6026030303030303
Calton,4918,874.0,0.3636827915774459,0.6176470588235294,0.04888857142857142
Stanistani,7704,829.0,0.36197315539140273,0.9672131147540983,0.5680484375
Irpen,8573,816.0,0.36183844999646847,0.5897435897435898,0.42154230769230766
DDima,2460,904.0,0.36145957976809207,0.8421052631578947,0.48164210526315787
Physchim62,627,929.0,0.36081249601628973,0.5555555555555556,0.40397777777777777
Werdna,2322,904.0,0.3606869553083693,0.6842105263157895,0.15979473684210524
IZAK,570,928.0,0.360108753137441,0.5555555555555556,0.22024
MJ94,3851,878.0,0.35924741037297864,0.7105263157894737,0.4017102564102564
Resolute,990,917.0,0.35822944965365405,0.8181818181818182,0.5943636363636364
RoyBoy,1617,907.0,0.35789369824406664,1.0,0.5772518518518518
Arakunem,1056,915.0,0.3578297349303777,1.0,0.6549111111111111
Lupo,1596,907.0,0.35777612495671757,0.88,0.38685185185185184
Trebor,1801,903.0,0.3573854026519021,0.7058823529411765,0.4376333333333333
MoRsE,2091,898.0,0.3570859568398368,0.9655172413793104,0.5275366666666667
Jacoplane,4340,865.0,0.3569851883498223,0.9090909090909091,0.5523590909090909
Salih,1965,899.0,0.35676513250035746,0.5625,0.32581875
Maclean25,1263,909.0,0.3566809793122695,0.8,0.46792
Thincat,684,917.0,0.3565162388951384,0.8,0.62208
Jimbo Wales,1068,911.0,0.3563584581275442,0.6666666666666666,0.16404999999999997
Eusebeus,7928,811.0,0.35630419353338305,0.8135593220338984,0.47639830508474573
Chris G,4154,864.0,0.3555592095629719,0.9666666666666667,0.4754918918918919
Betacommand,2220,892.0,0.35550050044014614,0.7222222222222222,0.41905
Jiang,1638,899.0,0.3549343484544927,0.96875,0.1740765625
GTBacchus,1261,904.0,0.35474670493325455,0.7777777777777778,0.73354
Apoc2400,2326,887.0,0.3541708886817838,0.5384615384615384,0.40622
GregAsche,4470,855.0,0.35386686913963916,0.8552631578947368,0.5333506329113924
Nomoskedasticity,1027,905.0,0.35382121797312266,0.8333333333333334,-0.0010833333333333435
Nathan,3322,870.0,0.35320876020045167,0.7619047619047619,0.11015217391304348
Vodello,7587,806.0,0.35247195037287526,0.25757575757575757,-0.04493283582089552
Anthonyhcole,1517,894.0,0.3523338254471661,0.9,0.7996800000000001
Khukri,6943,814.0,0.35194329263775886,0.8857142857142857,0.6073450704225352
Timmeh,14368,705.0,0.3515907708845473,0.6918238993710691,0.43840545454545454
Shanel,5157,839.0,0.35155934910049974,1.0,0.6030836363636364
Oldelpaso,3586,861.0,0.3512252859227306,1.0,0.5551275
Ugen64,8613,787.0,0.35090855296138257,0.9175824175824175,0.2535718085106383
Youngamerican,7368,805.0,0.3508612135630477,0.918918918918919,0.4584381578947368
Rocksanddirt,4734,843.0,0.35072954870807194,0.9629629629629629,0.3153410256410256
Badagnani,657,902.0,0.3505958424707445,0.8,0.59478
Moncrief,650,902.0,0.3505566513749615,0.5384615384615384,0.22777692307692307
Hahnchen,5796,826.0,0.35013693627269427,0.9122807017543859,0.3624474576271186
Seav,327,904.0,0.34951749301020346,1.0,0.48360000000000003
Danaman5,5146,833.0,0.34919007078514835,0.76,0.510951923076923
Rd232,2199,875.0,0.3488444656143355,0.8,0.3976117647058824
Nev1,2505,870.0,0.3486345994497742,0.7272727272727273,0.504404347826087
Happy-melon,739,895.0,0.34836263047189525,1.0,0.54145
One,7673,794.0,0.3483380563628251,0.7068965517241379,0.2613918918918919
Krashlandon,2614,867.0,0.3480910146445497,0.9333333333333333,0.5105733333333333
Hokeman,16213,669.0,0.3480742701412085,0.7124183006535948,0.5439276470588235
Terrillja,1348,885.0,0.34792610195886575,0.5714285714285714,0.279675
Briangotts,6501,809.0,0.34754557795238156,0.8133333333333334,0.35242666666666667
Ncmvocalist,7929,788.0,0.34746363841519823,0.6530612244897959,0.3267478260869565
FeloniousMonk,5568,821.0,0.34693734937268406,0.6949152542372882,0.33022881355932204
Williamborg,5150,827.0,0.3469047733893321,0.9655172413793104,0.38546428571428576
Dravecky,1415,881.0,0.34676275519432753,0.7857142857142857,0.4981071428571429
Livitup,1217,882.0,0.34603882244107986,0.9090909090909091,0.6715363636363636
Jondel,2018,870.0,0.3459080189288686,0.9523809523809523,0.5086761904761905
Tznkai,2079,869.0,0.34586492595036256,0.8333333333333334,0.46303
Lawrencekhoo,2735,857.0,0.34492230688264547,0.9565217391304348,0.7183541666666667
Pakaran,842,883.0,0.34432391483731817,0.9130434782608695,0.30440833333333334
LindsayH,1895,867.0,0.3440655292348348,0.8,0.5997466666666667
TUF-KAT,3162,844.0,0.34231296372541087,0.9903846153846154,0.19188173076923076
SusanLesch,1359,870.0,0.342218457197294,1.0,0.7068500000000001
IShadowed,3890,832.0,0.3417734530714622,0.6944444444444444,0.4164526315789474
Rockfang,2481,851.0,0.3411925376708258,0.11764705882352941,-0.06137894736842105
Bart133,4814,817.0,0.34117744694559243,0.9491525423728814,0.2216344262295082
Franamax,1980,858.0,0.3410798826506618,0.4444444444444444,0.5276000000000001
Harland1,3573,831.0,0.33961404092067204,0.7209302325581395,0.46032045454545456
WarthogDemon,2247,849.0,0.3391132045568478,0.5652173913043478,0.19731785714285713
Kicking222,10476,729.0,0.3390312908599474,0.6288659793814433,0.4669364485981309
Dayewalker,1317,858.0,0.33736792600721116,0.8181818181818182,0.6118545454545454
Sam Spade,2018,845.0,0.336292634313484,0.7142857142857143,0.27055098039215686
Rivertorch,692,863.0,0.3357917979496597,1.0,0.6915666666666667
Evilphoenix,2740,832.0,0.3353349159071059,0.5,0.39001
Kittybrewster,1411,851.0,0.33520189874399,0.9090909090909091,0.4852727272727273
Quartermaster,4108,810.0,0.33453243730716686,0.868421052631579,0.5061923076923077
Conti,1453,848.0,0.334283199164842,0.625,0.3115
JPD,2051,838.0,0.33378508464415346,0.9583333333333334,0.5929384615384615
Haza-w,7886,753.0,0.3337613546509925,0.9210526315789473,0.5929139534883721
Fr33kman,2512,831.0,0.3336737905455573,0.8888888888888888,0.44674285714285716
Natl1,6556,767.0,0.33169966183683064,0.9879518072289156,0.5871595238095237
Hbdragon88,2427,826.0,0.3312748217451149,0.5333333333333333,0.2108625
Jwrosenzweig,3703,804.0,0.3299572601720274,0.9538461538461539,0.41841654676258994
Cailil,1431,836.0,0.32954464253413934,0.8888888888888888,0.44199
Gran2,712,846.0,0.32936531097057825,1.0,0.4744833333333333
Moriori,1316,837.0,0.32928540420231905,0.6153846153846154,0.3875666666666666
HiDrNick,6967,754.0,0.32900073903209187,0.8367346938775511,0.23205199999999998
SirFozzie,1669,828.0,0.3278002167138395,0.7692307692307693,0.4662
Dirtlawyer1,2649,813.0,0.3275177393542341,1.0,0.8168105263157894
Rhobite,2095,821.0,0.32749296713632814,0.6896551724137931,0.23047931034482758
Davidruben,825,839.0,0.32730565953876817,1.0,0.7790222222222222
Pedant,1623,825.0,0.3263888290734191,0.7096774193548387,0.5768972972972972
Bunchofgrapes,4184,786.0,0.3257271714020421,0.6511627906976745,0.3366581395348837
Cynical,7471,738.0,0.3256686517746245,0.32967032967032966,0.18976145833333333
Townlake,17590,589.0,0.3250144877852983,0.3050847457627119,0.26245699481865287
Marskell,7401,736.0,0.32450751004756334,0.7888888888888889,0.46744591836734695
Encephalon,6492,749.0,0.3244182663237374,0.9213483146067416,0.4254430107526882
Wsiegmund,6388,747.0,0.3230667678457301,0.9206349206349206,0.483025
Mark,2663,800.0,0.3225961215458002,0.9523809523809523,0.3365909090909091
Shoessss,8286,718.0,0.3225393073770562,0.589041095890411,0.6815258823529411
Nunh-huh,853,826.0,0.32246242392190033,0.8235294117647058,0.3634764705882353
GRBerry,5936,751.0,0.32207460434220114,0.40540540540540543,-0.004053333333333324
Giants2008,1142,819.0,0.3213881486126352,0.8,0.68905
Halibutt,1073,820.0,0.3213864517673892,0.875,0.5335666666666666
Stubbleboy,3477,780.0,0.3194611784202629,0.7948717948717948,0.4492512195121951
Chalst,576,820.0,0.3186038839667935,0.875,0.7010625
ThinkBlue,4168,765.0,0.3175606686776149,0.9393939393939394,0.6376727272727273
Reedy,801,812.0,0.3167866746828966,0.8333333333333334,0.3349166666666667
Cla68,4916,752.0,0.316748517198431,0.95,0.6609951219512195
Becksguy,991,809.0,0.31669658684316154,1.0,0.86555
Gmaxwell,4281,760.0,0.3162702480150356,0.65,0.2898275
Dekkappai,1480,800.0,0.31597282635846674,0.375,0.09659
Katalaveno,6868,721.0,0.31575415727085265,0.8888888888888888,0.7099753846153847
RMHED,11565,651.0,0.3151283056181943,0.8130841121495327,0.4037691588785047
Sluzzelin,2949,776.0,0.3149665885141665,0.9565217391304348,0.578904
Gungadin,468,812.0,0.3149222982692178,1.0,0.6938
Johnfos,1480,797.0,0.31481898020462057,0.9285714285714286,0.6237071428571428
Duk,7695,704.0,0.31384584376275865,0.9666666666666667,0.37449780219780215
ThuranX,867,803.0,0.3136946522673125,0.625,0.39521111111111107
Sannse,2050,781.0,0.3118564089931075,0.9166666666666666,0.3718083333333333
ImperfectlyInformed,1371,790.0,0.3115164111636913,0.5,0.18322
ais523,2078,778.0,0.31085932722239357,0.5,0.14986129032258064
Triona,5812,723.0,0.31061113130481366,0.8909090909090909,0.3190607142857143
Collect,5471,727.0,0.3102404266058444,0.6216216216216216,0.37201951219512197
Akhilleus,3392,757.0,0.3101391326967436,0.9393939393939394,0.6754484848484849
Slrubenstein,1716,781.0,0.3099864338514597,0.7692307692307693,0.3674733333333334
Zaxem,13598,608.0,0.3099720580407208,0.5423728813559322,0.4259158192090396
Manxruler,531,796.0,0.30912117197741906,1.0,0.6162
Capitalistroadster,1896,776.0,0.3090711279628038,0.8888888888888888,0.6043851851851852
Oakshade,1514,781.0,0.3088554908017206,0.3076923076923077,0.18700769230769232
Str1977,674,791.0,0.3079987131539099,0.75,0.285725
Flowerparty,2961,755.0,0.3069568501728715,0.972972972972973,0.30664864864864866
Atlan,612,789.0,0.30688236125060075,0.2857142857142857,0.06574285714285714
Doc9871,1608,774.0,0.30668946353849946,0.8461538461538461,0.3908
Xxanthippe,967,779.0,0.3050237558334439,0.42857142857142855,0.44608571428571425
Springeragh,5491,711.0,0.3041985550113784,0.94,0.44935
JimMillerJr,2813,748.0,0.303435930741151,0.6666666666666666,0.6309333333333333
Avenue,1966,758.0,0.3025399619975572,0.8235294117647058,0.6209058823529412
Skinny87,3482,734.0,0.30179686436780023,0.5925925925925926,0.43120740740740743
Alphax,7036,679.0,0.3005408974157995,0.8356164383561644,0.2513324675324675
Walkerma,757,768.0,0.29961725372918346,1.0,0.7765636363636363
Zocky,1870,750.0,0.29892556103560963,0.6666666666666666,-0.10010000000000001
Mattisse,3796,721.0,0.29855486495006794,0.7272727272727273,0.40997428571428574
PGWG,3284,728.0,0.2983806239222449,0.7027027027027027,0.26313947368421053
Martinp,6846,669.0,0.29563098525553455,0.6363636363636364,0.552758695652174
Philwelch,2251,733.0,0.2945202148533392,0.8823529411764706,0.38988235294117646
Jakew,1151,747.0,0.2937462294720486,0.7777777777777778,0.4798777777777778
Sunray,3150,717.0,0.2933996251436289,0.5142857142857142,0.45931714285714287
Bedford,4973,690.0,0.29322149084651045,0.6388888888888888,0.30979
Leifern,1000,746.0,0.2925162061641134,0.375,0.2975125
Herbythyme,5507,678.0,0.2915958269665747,0.9,0.504916393442623
Aquillion,1480,733.0,0.290203595589236,0.9130434782608695,0.48093043478260866
Cardamon,2145,719.0,0.28854213430400916,0.42857142857142855,-0.027428571428571438
TimidGuy,1077,731.0,0.287178077448496,0.75,0.4881625
Emufarmers,1094,729.0,0.2865040250547383,0.4,0.059199999999999996
MJCdetroit,976,729.0,0.28584337515439573,0.8,0.60165625
Joopercoopers,1046,722.0,0.2835429784199184,0.3333333333333333,-0.015155555555555552
Kmccoy,2768,696.0,0.28318398798254574,1.0,0.502856
Barryob,1571,712.0,0.2826361567574924,0.8,0.5013666666666666
Folantin,5274,658.0,0.2825990156574888,0.6086956521739131,0.22954565217391307
M.K,800,722.0,0.28216569133954306,0.6666666666666666,0.30595
Astrotrain,3834,676.0,0.28145992430519784,0.6129032258064516,0.27794375
Doctorfluffy,1646,707.0,0.2811329844320909,0.6666666666666666,0.38497777777777775
Booksworm,1753,704.0,0.28057820217092827,1.0,0.4908142857142857
Hydnjo,2744,684.0,0.27843423389590505,0.8611111111111112,0.5385105263157894
Rednblu,810,710.0,0.27760629400384845,1.0,0.56714
IronDuke,5094,642.0,0.2754373984692216,0.8823529411764706,0.31667818181818186
Tarc,927,700.0,0.27441519133006825,0.6666666666666666,0.5167857142857143
Laurascudder,931,695.0,0.27251450931886734,0.46153846153846156,0.2783769230769231
Amerique,2119,677.0,0.2722427212229689,0.9333333333333333,0.46598
AKMask,3527,654.0,0.2712795763571747,0.4444444444444444,0.3409333333333333
Kumioko,3118,656.0,0.26975892738708224,0.8888888888888888,0.413937037037037
Wimvandorst,254,696.0,0.26910878586846604,1.0,0.70555
CapitalR,4020,638.0,0.26788590309204824,0.8378378378378378,0.7264621621621622
Banana04131,3537,643.0,0.2671047944060956,0.8461538461538461,0.41975750000000006
TDC,1021,674.0,0.2649414717591548,0.5833333333333334,0.18135
Abd,728,670.0,0.26176258292577465,1.0,0.23306666666666667
Stillnotelf,1249,659.0,0.26044875096685727,0.8,0.3950666666666667
WillowW,1767,651.0,0.26027196897787896,1.0,0.9098611111111112
Novickas,770,657.0,0.2569977295004729,0.6666666666666666,0.3233166666666667
Singopo,5236,581.0,0.25277087937928194,0.34,0.233568
Crohnie,1367,630.0,0.24995555471335373,1.0,0.72714
COGDEN,203,642.0,0.248054019972816,1.0,0.4774833333333333
Rl,320,638.0,0.24717060960672813,1.0,0.82725
Sxeptomaniac,1484,620.0,0.24676445203957353,0.6666666666666666,0.5848111111111112
Fladrif,1290,613.0,0.24298599112127878,0.8888888888888888,0.44867
6SJ7,2078,589.0,0.23816701953008584,0.5,0.25803125
Juppiter,2366,565.0,0.23054868395439018,0.6363636363636364,0.23199999999999998
Tex,1911,567.0,0.2287704934977235,0.6153846153846154,0.03375384615384615
Ripberger,1346,558.0,0.22214567373369695,0.6666666666666666,0.4136166666666667
Noetica,1135,551.0,0.2182720344399291,0.5555555555555556,0.7295222222222222
Kcowolf,1511,537.0,0.21499254077165975,0.0,0.07644
DeltaQuad,4181,496.0,0.21417191367967353,0.5714285714285714,0.3717125
Gray62,2067,508.0,0.20695158736858063,0.4583333333333333,0.38515185185185186
DavidJJJ,217,514.0,0.19890163293361288,1.0,0.53175
Master&Expert,28267,102.0,0.19748441400267705,0.9435483870967742,0.384219921875
SunCreator,5574,403.0,0.1862017109712673,0.7857142857142857,0.5378954545454545
Secret,24863,100.0,0.17765711322695174,0.8482142857142857,0.23077
Grandmasterka,17636,102.0,0.1379643369641802,0.8121212121212121,0.5288347593582887
Mlpearc,9347,201.0,0.12963340390601719,0.8214285714285714,0.5566848837209302
Icewedge,10618,168.0,0.1240570794623154,0.780952380952381,0.27160260869565217
Brianherman,1186,302.0,0.12278833879711759,0.9166666666666666,0.54135
Marlith,11345,119.0,0.1092812008496285,0.7716535433070866,0.5110732824427481
WFCforLife,8579,114.0,0.09187204236428252,0.6833333333333333,0.3920714285714285
Lostintherush,8870,105.0,0.09003973374172465,0.9534883720930233,0.5145918604651163
Kubigula,8380,104.0,0.08691174165229659,0.9868421052631579,0.6666269230769231
Bwilkins,7867,105.0,0.0844242095888122,0.31746031746031744,0.31113902439024393
Dmcdevit,6980,102.0,0.0783042917264582,0.8791208791208791,0.43721956521739136
RGTraynor,5875,102.0,0.07211769732070719,0.6122448979591837,0.2668925925925926
Icestorm815,5693,101.0,0.0707141134457328,0.6521739130434783,0.45144666666666666
Sandahl,5693,100.0,0.07032949806111743,0.6346153846153846,0.213225
JamesBWatson,3021,137.0,0.06960046615870412,0.3548387096774194,0.24602903225806452
Messedrocker,4373,103.0,0.0640930232958764,0.78125,0.3616027777777778
Shimgray,4198,103.0,0.06311324590130045,1.0,0.4225068181818182
Esteffect,4326,100.0,0.062676036927487,0.4857142857142857,0.25085365853658537
Truthkeeper88,3233,103.0,0.0577104734112102,0.68,0.5065230769230769
ScienceApologist,1781,123.0,0.05727342809252199,0.7142857142857143,0.33881428571428573
PMC,2441,110.0,0.05596858855206559,0.9130434782608695,0.528648
^demon,3030,100.0,0.05542008547965595,0.6666666666666666,0.3860617647058823
Thebainer,2781,103.0,0.05517984836921974,0.8,0.5221129032258065
Jmh649,1739,114.0,0.053576743056285306,0.7333333333333333,0.48250666666666664
Doug,2313,104.0,0.05294425906434058,1.0,0.6066875
SatuSuro,1884,104.0,0.05054240476563725,1.0,0.670409090909091
ContiE,1995,102.0,0.05039463280096608,0.9130434782608695,0.249412
Amatulic,1672,106.0,0.05012470520543886,0.6363636363636364,0.4036461538461538
Katr67,399,116.0,0.04684367834704878,0.7142857142857143,0.5100428571428571
Dougweller,1077,106.0,0.046793462063880624,0.6363636363636364,0.5707545454545454
Ctjf83,1114,103.0,0.04584676884488767,0.5555555555555556,0.4179272727272727
Dincher,495,102.0,0.041996540847457915,1.0,0.5153399999999999
